Date,JPY-INR,IR_India,IR_Japan,TotalReserves_India,TotalReserves_Japan,CPI_India,CPI_Japan,IIP_India,IIP_Japan,MoneySupply_India,MoneySupply_Japan,SharePrice_India,SharePrice_Japan,NetTrade_India,NetTrade_Japan
4/1/1994,0.3088,12.00,1.75,15435779187.00,107599063886.82,22.30,97.90,26.96,97.25,50189496678.00,1402181973798.64,13.98,103.67,-46621911.70,10961037535.56
5/1/1994,0.2995,12.00,1.75,15830234214.44,109933313089.08,22.55,98.00,27.40,97.15,51470011724.00,1296305339587.48,13.73,105.85,-17397427.25,8672702654.91
6/1/1994,0.3189,12.00,1.75,16724796510.01,114559126436.78,22.97,97.60,28.11,98.37,51931610810.00,1374663013504.28,15.12,108.55,-115085128.58,10860375923.21
7/1/1994,0.3134,12.00,1.75,17886316595.27,116799159717.81,23.30,97.20,28.36,99.38,52332367904.00,1431192036162.32,15.01,106.56,-252612588.87,11898203774.53
8/1/1994,0.3134,12.00,1.75,17992387260.22,118936479551.21,23.55,97.60,28.53,100.19,50507897682.00,1337758838960.59,16.11,106.24,-194885207.91,8502711649.67
9/1/1994,0.316,12.00,1.75,19170606371.96,120674377485.38,23.88,97.90,28.66,99.18,51962463049.00,1380413930751.20,16.49,102.46,-260322588.63,9520472058.76
10/1/1994,0.3238,12.00,1.75,20163089053.01,123728029876.34,23.96,98.40,29.14,100.19,54171112554.00,1352850446859.78,15.91,101.93,-320847941.31,9469598829.12
11/1/1994,0.3174,12.00,1.75,19804806270.98,125176843224.12,24.13,98.10,29.59,100.80,55159266102.00,1377027661050.14,15.13,98.36,-191559578.07,9771405813.92
12/1/1994,0.3145,12.00,1.75,19698471269.47,125860194539.29,23.96,97.80,30.00,101.51,55459477910.00,1513891949444.58,14.44,98.40,-242495448.26,9810065750.24
1/1/1995,0.315,12.00,1.75,20081437643.24,126914440146.25,23.96,97.80,30.56,99.48,55731207344.00,1373972094701.60,13.35,95.66,-93312033.78,7306524386.22
2/1/1995,0.3248,12.00,1.75,20268267904.72,127622364672.80,24.13,97.50,30.34,100.90,56850220560.00,1414997642646.66,12.70,90.80,-352643915.30,10287716906.59
3/1/1995,0.3626,12.00,1.75,21160083812.80,143547197927.35,24.29,97.40,30.56,101.92,60866742235.00,1635183505847.88,12.46,84.63,-316051857.86,10761083264.92
4/1/1995,0.3729,12.00,1.00,20890932293.56,155411759931.73,24.46,97.70,31.22,103.13,61741158490.00,1827202934657.27,12.28,84.03,-32554621.46,10965561570.57
5/1/1995,0.3715,12.00,1.00,20628058905.94,156026118683.36,24.87,97.90,30.96,101.41,62724461385.00,1678135627616.85,11.72,83.88,-480356933.64,9540108213.80
6/1/1995,0.3709,12.00,1.00,20029247724.12,158272693332.94,25.37,97.80,31.23,101.31,61875865742.00,1773431723219.36,12.20,78.88,-377699526.62,10828199466.83
7/1/1995,0.3551,12.00,1.00,20233651554.23,159598458003.23,25.95,97.30,31.98,99.89,61672600983.00,1685790130095.99,12.19,83.68,-514238769.56,8957988942.27
8/1/1995,0.3268,12.00,1.00,19353568862.12,167535327218.59,26.12,97.40,32.07,101.41,61173674418.00,1540792480885.55,12.44,89.44,-509756593.87,8185121535.92
9/1/1995,0.3398,12.00,0.50,19433026931.48,180735175082.47,26.28,98.00,33.28,99.79,58570538656.00,1545943876155.57,12.42,92.57,-576486431.84,8649384935.77
10/1/1995,0.3352,12.00,0.50,18109678191.17,181745993902.22,26.45,97.70,32.38,101.31,57650775985.00,1492642022648.06,12.90,92.31,-254010505.82,5646748604.35
11/1/1995,0.3415,12.00,0.50,17668750215.49,182089352602.25,26.62,97.40,33.19,102.12,57015845578.00,1500992740827.93,11.59,92.80,-435112927.34,7337503647.58
12/1/1995,0.3401,12.00,0.50,17921806913.05,183249772502.41,26.28,97.40,33.76,103.44,56483323205.00,1684290055424.91,11.19,99.27,-119111310.10,7552440996.19
1/1/1996,0.3403,12.00,0.50,16666695434.29,183150706522.29,26.12,97.30,34.14,101.92,55987620422.00,1479267014292.27,10.89,103.11,-794394767.56,5172791551.72
2/1/1996,0.3294,12.00,0.50,16304787811.99,200177145053.03,26.20,97.10,33.49,101.82,55104182322.00,1496791696600.74,12.45,102.80,-437929738.75,5088576144.88
3/1/1996,0.3181,12.00,0.50,17436294037.54,202712388801.30,26.45,97.30,34.96,101.71,62297670501.00,1647663771946.38,12.16,101.06,-400903902.46,8059564130.41
4/1/1996,0.3298,12.00,0.50,17407902578.05,204495174872.29,26.86,97.90,34.58,102.02,63465875528.00,1607845436929.43,13.16,108.11,-190411241.60,3011006043.86
5/1/1996,0.3234,12.00,0.50,17418040887.41,207156022110.15,27.20,98.10,34.95,102.63,62232690935.00,1542132736062.37,13.64,107.99,-432776268.60,4316811408.12
6/1/1996,0.3185,12.00,0.50,17961104344.89,208977508836.86,27.61,97.80,34.53,102.83,62346757076.00,1620215675477.23,14.28,108.98,-159239679.54,5788473532.65
7/1/1996,0.3328,12.00,0.50,18342743622.70,210990496800.73,28.11,97.70,34.10,103.44,60564484886.00,1527776454916.32,13.41,105.71,-167055687.29,4353282750.98
8/1/1996,0.3272,12.00,0.50,18295875858.74,212792428305.93,28.44,97.60,34.92,103.54,59832960894.00,1565268409852.29,12.61,102.16,-385793159.37,5476018500.17
9/1/1996,0.3201,12.00,0.50,18795661886.50,213810446574.72,28.52,98.00,34.52,104.66,60633119599.00,1544781726719.48,12.39,101.69,-264395519.05,4773018609.59
10/1/1996,0.3131,12.00,0.50,19560250288.88,214989451812.34,28.69,98.20,35.10,105.26,61238751777.00,1476686628360.70,11.55,102.24,-503223076.70,4299383734.47
11/1/1996,0.3137,12.00,0.50,19712141334.10,215859162637.87,28.94,97.90,33.98,105.77,61912448013.00,1549984205247.41,11.13,101.17,-758423515.39,6284308271.17
12/1/1996,0.3092,12.00,0.50,20170156505.60,216648011850.19,29.02,98.00,35.00,106.78,61784722738.00,1650684575534.75,10.67,96.97,-371603719.15,4774678735.11
1/1/1997,0.2952,12.00,0.50,20172786487.43,215953510639.16,29.02,97.90,34.68,108.41,63038129810.00,1452701562096.14,12.47,88.94,-982992695.62,4352957379.41
2/1/1997,0.2985,12.00,0.50,19991387057.46,217084435977.69,29.02,97.70,35.50,108.41,63819348311.00,1417229313267.24,12.62,89.39,-1009195994.37,4813958481.24
3/1/1997,0.2898,12.00,0.50,22663803867.75,218180820503.47,29.10,97.80,36.09,108.81,67052137796.00,1505066110734.02,13.75,88.53,-473029097.16,4841840155.02
4/1/1997,0.2813,11.00,0.50,22991629735.99,218737250773.57,29.35,99.80,36.08,106.08,67436943286.00,1478621939703.98,13.46,88.72,-588208584.41,6458333838.99
5/1/1997,0.3078,11.00,0.50,24463719003.70,220580853424.58,29.19,100.00,36.34,109.22,68387802547.00,1554454223664.02,13.67,96.15,-279174842.68,8453752902.16
6/1/1997,0.3124,10.00,0.50,25702453936.69,221127805814.64,29.44,100.00,36.66,108.61,69760935572.00,1627288250000.00,14.63,98.54,-459973084.85,7375380217.46
7/1/1997,0.3011,10.00,0.50,26348071892.54,221092656028.25,29.68,99.60,36.92,108.91,68526452046.00,1562754316916.64,15.56,98.49,-461863234.53,6909713539.35
8/1/1997,0.3012,10.00,0.50,26790246321.75,222728288349.88,29.77,99.70,36.83,108.41,66243847348.00,1549773916624.94,15.63,95.32,-309992038.66,8417269506.77
9/1/1997,0.3001,10.00,0.50,26017256930.16,224411806665.51,29.93,100.40,37.32,107.70,66644603629.00,1492604847381.91,14.42,91.05,-122038945.51,6333088258.14
10/1/1997,0.3019,9.00,0.50,26570575073.82,226976583132.02,30.26,100.70,37.53,106.99,67503718803.00,1477195841296.42,14.59,86.58,-507166618.21,8868055873.43
11/1/1997,0.3034,9.00,0.50,24668939640.56,227213635697.08,30.35,100.00,37.61,105.67,67081644815.00,1525502133485.75,13.20,79.68,-565119788.81,8682504417.33
12/1/1997,0.3001,9.00,0.50,24688314294.50,219648288039.43,30.84,99.80,37.42,104.66,63632994924.00,1574630064993.08,12.85,77.61,-696207519.34,7054707861.86
1/1/1998,0.3043,11.00,0.50,24807577080.43,220387354003.46,31.84,99.70,37.61,106.19,63866111548.00,1489611146490.66,12.69,78.11,-683570761.43,7402688027.72
2/1/1998,0.312,11.00,0.50,24335145552.60,221996869996.71,31.67,99.60,38.00,103.43,64902502867.00,1562315718599.18,12.44,81.83,-968135820.00,8953447822.00
3/1/1998,0.2967,10.50,0.50,26260326060.33,222460420886.84,31.51,100.00,37.48,101.20,67690985744.00,1533798528774.81,13.98,81.52,-793684630.71,9186909206.45
4/1/1998,0.2991,10.00,0.50,26554063955.40,204616428881.74,31.76,100.20,37.93,100.99,68324464431.00,1522323068537.00,15.02,78.77,-906810159.44,8869570821.96
5/1/1998,0.3001,9.00,0.50,25856903315.58,205829778640.57,32.25,100.50,37.98,100.24,67705495488.00,1480058711896.57,14.30,78.27,-1071157295.99,10469559297.70
6/1/1998,0.3056,9.00,0.50,24297332470.49,204744818772.90,33.08,100.10,38.53,100.24,65038398404.00,1428446880253.42,12.13,76.78,-624761524.86,8299908908.67
7/1/1998,0.2939,9.00,0.50,24339620621.16,206611152396.60,34.08,99.50,38.32,100.03,63372313463.00,1386428842750.86,11.96,81.26,-1017362383.61,8602321912.36
8/1/1998,0.3053,9.00,0.50,25109610895.61,208444345166.80,34.24,99.40,38.50,98.22,62473891297.00,1332881531656.06,10.92,75.92,-499132075.97,7806234665.75
9/1/1998,0.3109,9.00,0.50,26490107053.67,211163116966.96,34.82,100.20,38.38,99.50,64180862485.00,1448687612646.90,11.29,69.97,-966000211.33,8863887086.61
10/1/1998,0.3658,9.00,0.50,26994956680.58,213040734547.24,35.90,100.90,37.61,98.97,65608134519.00,1640842991007.15,10.48,65.99,-787892831.61,10109365969.68
11/1/1998,0.346,9.00,0.50,26919327597.37,213758886687.07,36.32,100.80,39.42,98.43,65461780832.00,1649118529862.17,10.65,71.73,-555255631.68,9668061240.75
12/1/1998,0.375,9.00,0.50,27340724583.40,215470624423.59,35.57,100.40,39.00,98.33,65967129136.00,1831401171007.47,10.77,71.42,-651872862.25,11169105376.50
1/1/1999,0.3655,9.00,0.50,27772135521.12,221738350510.95,34.82,99.90,39.71,99.60,67626564897.00,1798548856915.87,12.02,69.70,-772511851.97,10174128552.59
2/1/1999,0.3587,9.00,0.50,28454143456.63,221007004226.42,34.41,99.50,39.34,99.60,68242234872.00,1795543285063.38,12.00,71.00,-633813977.58,6391736942.65
3/1/1999,0.3568,8.00,0.50,30193325243.77,221371314374.25,34.33,99.60,39.21,100.88,72694366327.00,1785837991469.78,13.49,77.59,-720765035.04,9616987514.09
4/1/1999,0.3582,8.00,0.50,30278903895.45,221918809678.56,34.41,100.10,39.82,99.18,72618015358.00,1825812393974.92,12.59,85.71,-608102695.56,8233160737.91
5/1/1999,0.3526,8.00,0.50,31270901459.92,222496783786.18,34.74,100.10,40.81,100.77,73200494645.00,1765443300997.13,14.18,85.66,-813913590.94,8895427292.49
6/1/1999,0.3581,8.00,0.50,31211936986.86,245244551964.13,34.82,99.80,40.35,100.03,72629528338.00,1834495206970.03,14.87,88.83,-862500579.67,8078242470.86
7/1/1999,0.3784,8.00,0.50,31434971490.78,259537197148.53,35.16,99.40,40.79,100.56,71268393942.00,1852737934667.23,16.55,94.99,-941519324.66,9043651577.51
8/1/1999,0.3965,8.00,0.50,31271460060.49,260177303661.35,35.32,99.70,41.11,101.52,70765858297.00,1898477793969.46,17.04,94.47,-1070803101.48,9067032427.55
9/1/1999,0.41,8.00,0.50,31164189929.24,271194424093.94,35.57,100.00,41.09,102.26,71628129232.00,2054415072313.95,17.27,96.41,-1398211607.46,9675711129.20
10/1/1999,0.4167,8.00,0.50,31263442418.47,271587279040.68,36.23,100.20,40.81,102.15,72906303276.00,2091209361581.65,17.68,97.90,-970164382.16,9747496804.68
11/1/1999,0.4249,8.00,0.50,31990323479.78,270797140605.87,36.32,99.60,40.78,103.22,73906070229.00,2110239516094.35,16.76,103.93,-1000728808.73,9389035859.93
12/1/1999,0.4254,8.00,0.50,32666742041.83,286916156869.90,35.74,99.30,42.09,103.11,76181799111.00,2335037508900.41,17.55,105.56,-1423822245.52,9777289516.94
1/1/2000,0.4062,8.00,0.50,32611500238.11,292006291264.75,35.74,99.20,41.65,103.01,75872629876.00,2116047143291.29,19.76,106.89,-1216350666.42,9533575819.39
2/1/2000,0.3957,8.00,0.50,33452907771.84,293331623876.68,35.65,98.90,41.09,102.90,77256608787.00,2064856909090.07,20.66,110.41,-1232861600.85,8958471829.15
3/1/2000,0.4241,8.00,0.50,35719638332.03,304369980293.89,35.99,99.10,42.59,104.39,78324844572.00,2234270797973.06,19.18,107.15,-1337198605.21,8047264781.83
4/1/2000,0.4034,7.00,0.50,35645527071.49,331917958232.52,36.32,99.30,42.80,105.98,80331557731.00,2318374089958.05,17.93,107.13,-1143693767.15,9036798151.21
5/1/2000,0.4141,7.00,0.50,35038715938.00,334540942015.69,36.48,99.40,43.08,105.34,80055297163.00,2156861333165.48,15.61,103.73,-538940516.83,8966651954.18
6/1/2000,0.4212,7.00,0.50,34435868006.53,337865755708.51,36.65,99.20,42.74,106.73,78962111442.00,2252326748787.88,17.09,100.97,-515673071.83,9403540155.97
7/1/2000,0.4117,8.00,0.50,33949022577.73,338087119711.48,36.90,98.90,42.87,106.51,76791962623.00,2156796643609.96,16.99,100.07,-836504713.75,8575603528.11
8/1/2000,0.4294,8.00,0.50,33426316705.85,338052998935.29,36.73,99.20,42.91,108.00,74966742030.00,2108607357644.26,15.81,96.27,-356404132.84,7936321095.76
9/1/2000,0.4256,8.00,0.50,33237932102.15,342230087380.48,36.81,99.10,43.44,105.77,75365036547.00,2228360828360.82,16.16,95.66,-382702255.40,7752093313.43
10/1/2000,0.4299,8.00,0.50,32724285605.72,342562064107.90,37.23,99.10,43.33,107.36,76587652447.00,2125713081280.46,14.01,93.22,-481413530.75,7332650742.34
11/1/2000,0.4246,8.00,0.50,36913985956.06,347951229038.58,37.31,98.80,43.76,107.79,76361617086.00,2138348942862.13,14.36,89.72,-876079852.04,7259211406.83
12/1/2000,0.4081,8.00,0.50,37902244645.70,354902072398.68,36.98,98.90,43.70,108.85,78618132074.00,2208907485139.33,14.89,86.17,-254879950.51,5649782254.37
1/1/2001,0.3986,8.00,0.50,39003226307.23,357727211417.69,36.90,98.90,43.23,104.81,77336309493.00,2019706462158.84,15.21,82.84,-398257443.52,4561301579.71
2/1/2001,0.3966,7.50,0.35,39529899486.76,357142314946.58,36.73,98.60,43.94,105.77,78845479105.00,2041456412671.38,15.76,81.11,-11760931.95,5486632535.17
3/1/2001,0.37,7.00,0.25,40172290958.23,355146059478.77,36.90,98.40,43.80,103.96,81330572795.00,2084724908439.98,13.95,79.86,-743451755.08,4255578731.12
4/1/2001,0.3791,7.00,0.25,40449310788.73,356149721771.25,37.15,98.60,43.94,103.22,83625122130.00,2121042901827.10,12.71,84.71,-990076454.20,5222354176.77
5/1/2001,0.3943,7.00,0.25,40788123415.76,355322923168.68,37.40,98.70,43.81,101.20,84328647225.00,2061985292470.79,13.19,88.97,-761148928.82,2978908351.37
6/1/2001,0.3772,7.00,0.25,41265074363.94,356008833210.22,37.89,98.40,44.04,100.14,84500187268.00,2145066261379.24,12.57,83.13,-357081992.34,4155795503.25
7/1/2001,0.3769,7.00,0.25,41574551460.32,361135681034.73,38.39,98.10,43.75,98.75,82240920928.00,2039245656846.92,12.23,78.87,-1333296163.25,4110434865.64
8/1/2001,0.3967,7.00,0.25,43171131700.55,365501605588.84,38.64,98.50,44.14,97.37,82642939447.00,2077238378757.91,12.08,75.72,-736579889.92,4658187570.38
9/1/2001,0.4002,7.00,0.10,42582516696.53,389804605589.14,38.56,98.30,44.28,95.56,80398338608.00,2217875419787.26,10.67,66.64,-200616714.58,6075373240.06
10/1/2001,0.392,6.50,0.10,42943247466.21,398842326723.55,38.80,98.30,44.41,95.56,81220587818.00,2119992514914.03,10.72,69.14,-298510821.73,4247284249.32
11/1/2001,0.3883,6.50,0.10,44648078837.39,397101933039.69,39.14,97.80,44.87,94.08,83069750016.00,2146917417926.48,11.59,67.75,-369622783.82,4544267388.22
12/1/2001,0.3662,6.50,0.10,45870471083.90,395155049518.92,38.89,97.70,44.93,95.03,84411645057.00,2208556011426.82,12.11,65.64,-786251002.34,4513681448.44
1/1/2002,0.3606,6.50,0.10,47173231706.88,393931076511.10,38.72,97.50,44.82,94.50,82830483938.00,2071147845748.02,12.26,64.68,-59498482.89,5566046686.75
2/1/2002,0.3644,6.50,0.10,48332854441.79,396182823603.54,38.64,97.00,45.09,95.67,83848620384.00,2135810232316.35,12.90,62.47,-513833774.54,3989262298.15
3/1/2002,0.3674,6.50,0.10,51670489651.25,394102476059.91,38.80,97.20,45.37,96.10,86703485988.00,2523655551034.05,13.06,69.91,-726130733.44,6507863456.26
4/1/2002,0.3807,6.50,0.10,52738756980.63,399118383482.54,38.89,97.50,45.89,95.99,88698425672.00,2591727366891.67,12.56,69.84,-130378755.94,6552658324.64
5/1/2002,0.3948,6.50,0.10,53530088024.23,411647806212.72,39.14,97.80,45.70,99.82,89995029535.00,2626422947576.65,12.08,71.18,-778163073.04,6127383943.01
6/1/2002,0.4085,6.50,0.10,55362893597.40,438362290666.66,39.47,97.70,46.13,98.65,90089212804.00,2762249321723.89,11.91,68.11,-242383786.14,8335726745.37
7/1/2002,0.4057,6.50,0.10,57359935036.96,445595733084.44,39.88,97.30,46.65,99.39,88439659750.00,2818768978093.74,11.75,64.67,-112307418.69,7277849577.25
8/1/2002,0.4092,6.50,0.10,58931789253.25,448371957839.50,40.13,97.60,46.96,99.82,88732284274.00,2799355957583.35,11.16,61.65,-343091522.43,6392179125.23
9/1/2002,0.3972,6.50,0.10,60319439938.47,452760227180.56,40.21,97.60,46.83,100.45,89334021150.00,2723191661573.53,11.28,59.06,-598140493.97,7688408275.86
10/1/2002,0.3946,6.50,0.10,61880924833.38,453177263260.29,40.38,97.40,47.30,100.45,91364251226.00,2668936048452.47,10.79,56.12,-719061869.44,6895738797.85
11/1/2002,0.3942,6.25,0.10,64274954000.24,452621165818.15,40.55,97.40,46.98,100.35,92462165638.00,2790354201380.62,11.17,55.22,-800151002.55,5964843161.86
12/1/2002,0.4037,6.25,0.10,67665482492.06,461185643035.44,40.13,97.40,47.51,100.24,94232084578.00,2854775153823.61,12.13,54.53,-934270780.66,6514081274.69
1/1/2003,0.3987,6.25,0.10,70567888293.61,469550449588.28,40.05,97.10,47.77,101.62,94495412571.00,2840326843227.47,12.16,54.59,-797857920.96,5052416115.09
2/1/2003,0.4031,6.25,0.10,69822137341.05,476716041953.40,40.13,96.80,48.40,101.19,97359501764.00,2856303111024.86,11.98,54.26,-716506028.98,5645191542.81
3/1/2003,0.4026,6.25,0.10,72565583943.98,487942578595.82,40.38,97.10,48.00,101.95,99326994337.00,2946114394386.20,11.50,51.72,-1287567603.87,6177962836.62
4/1/2003,0.3981,6.25,0.10,74933492177.43,491156778306.89,40.88,97.40,48.08,100.54,104094000000.00,3660413695316.73,11.09,50.97,-1413108430.37,7007850407.76
5/1/2003,0.3942,6.00,0.10,78634614891.89,534196071349.76,40.96,97.60,48.80,101.84,105182000000.00,3728362457551.13,11.08,52.84,-1112603250.49,6555391705.07
6/1/2003,0.3874,6.00,0.10,79519443013.08,537104117398.94,41.21,97.30,48.97,100.97,107179000000.00,3716330933514.69,12.38,56.67,-1287972170.21,7050276445.40
7/1/2003,0.383,6.00,0.10,81920437079.81,548107798685.45,41.54,97.10,49.59,101.41,105892000000.00,3662694892601.79,13.40,61.16,-936078751.35,7052909030.93
8/1/2003,0.3923,6.00,0.10,83583284916.46,545879488738.09,41.38,97.30,49.87,100.43,106530000000.00,3697937766612.75,14.53,62.26,-1285044232.24,7906856535.43
9/1/2003,0.4093,6.00,0.10,88423384507.05,595325984634.02,41.38,97.40,50.17,103.47,107116000000.00,3798935540069.68,15.77,66.96,-801647281.52,9209682470.64
10/1/2003,0.4123,6.00,0.10,89886067494.04,616766445298.90,41.71,97.40,49.97,104.67,114171000000.00,3974208808999.95,17.28,68.55,-1233207181.45,8279707762.56
11/1/2003,0.4175,6.00,0.10,93373553927.93,634839407869.19,41.79,96.90,51.18,104.88,113132000000.00,4039307347852.63,18.10,64.93,-1331588530.09,8019988091.42
12/1/2003,0.425,6.00,0.10,98937910782.35,663289093568.57,41.62,97.00,50.91,104.56,115607000000.00,4193764908890.69,19.86,65.23,-1260162539.83,9757703759.33
1/1/2004,0.4281,6.00,0.10,102096770443.96,731410932785.45,41.79,96.80,51.67,106.41,116309000000.00,4168478900144.44,21.74,68.33,-1802089620.17,9217886517.58
2/1/2004,0.4145,6.00,0.10,105384154179.28,767118550030.93,41.79,96.80,50.88,106.08,121091000000.00,4189298281092.01,21.28,67.34,-1205002368.30,11015260411.54
3/1/2004,0.4156,6.00,0.10,108763543599.60,816150961551.10,41.79,97.00,51.48,105.54,128686000000.00,4173278148614.10,20.55,73.34,-997369313.23,8643790367.82
4/1/2004,0.4028,6.00,0.10,114300994565.79,805409094594.10,41.79,97.00,53.98,107.38,133938000000.00,4245989596527.67,21.27,77.44,-1274486314.26,10648333389.65
5/1/2004,0.4153,6.00,0.10,115406806950.16,807172244609.80,42.12,97.10,53.64,107.49,128382000000.00,4006850511604.69,19.03,72.47,-1665631002.72,10392659509.84
6/1/2004,0.4223,6.00,0.10,115453499707.49,808214136867.42,42.45,97.30,53.72,107.82,126836000000.00,4182765146165.79,17.63,74.69,-2553279948.15,9656102645.02
7/1/2004,0.4161,6.00,0.10,114261978852.34,809574067370.18,42.87,97.00,55.46,109.34,123630000000.00,4172172074999.02,18.18,73.92,-1798253129.28,8544039664.97
8/1/2004,0.4244,6.00,0.10,114014202657.66,817934904051.78,43.28,97.10,55.81,107.82,126692000000.00,4100431727652.83,18.80,71.86,-2106700818.23,9393426781.00
9/1/2004,0.4174,6.00,0.10,115387539151.63,820765264511.46,43.37,97.40,56.73,108.14,125547000000.00,4129979108273.64,19.82,72.32,-2432551098.13,8691821598.18
10/1/2004,0.4285,6.00,0.10,116985886127.31,827407160633.08,43.61,97.90,56.89,106.08,133977000000.00,4211308700308.41,20.82,71.55,-2303160852.80,8272052334.84
11/1/2004,0.4324,6.00,0.10,123686470556.70,828932042825.64,43.53,97.70,56.82,107.38,134768000000.00,4346693855719.72,21.80,70.97,-1851023858.31,6610964184.94
12/1/2004,0.4223,6.00,0.10,126593287643.34,833891294560.44,43.20,97.20,57.23,105.97,139122000000.00,4536256889648.35,23.37,71.72,-3033222319.42,8799888631.17
1/1/2005,0.421,6.00,0.10,125068919185.75,830580084779.70,43.61,97.00,57.19,108.47,141532000000.00,4441850765910.91,23.01,73.77,-3080555836.86,7472588685.16
2/1/2005,0.4173,6.00,0.10,131519821798.99,829850746186.11,43.53,96.70,57.89,108.47,144110000000.00,4418891691826.23,24.11,74.76,-3215869823.58,8624100505.29
3/1/2005,0.4077,6.00,0.10,137008340400.97,827199609682.88,43.53,97.00,58.82,108.80,149076000000.00,4497626081748.14,24.38,76.86,-3214751548.66,7957933318.74
4/1/2005,0.4149,6.00,0.10,137392934253.62,832881801110.59,43.86,97.10,56.35,109.23,155197000000.00,4489773263381.41,23.33,74.57,-3628715096.38,8226348036.50
5/1/2005,0.4027,6.00,0.10,134348781252.26,832272407462.64,43.70,97.20,56.70,108.36,154149000000.00,4405742774179.13,23.70,73.10,-4481061504.84,6239473100.86
6/1/2005,0.3923,6.00,0.10,133787216940.70,832782850046.03,43.86,96.80,57.68,108.80,155775000000.00,4395061945127.15,25.35,74.73,-3790983920.11,6578409817.90
7/1/2005,0.3861,6.00,0.10,136017528555.09,828823390660.80,44.61,96.70,56.63,108.14,155180000000.00,4266329324228.36,26.87,76.68,-3720407138.16,5697648314.82
8/1/2005,0.3979,6.00,0.10,139545536825.85,837106647595.36,44.77,96.80,58.06,108.14,156715000000.00,4282732089860.25,28.25,80.04,-4011891780.56,4901159596.83
9/1/2005,0.3873,6.00,0.10,138348338136.86,831920663454.65,44.94,97.10,57.79,109.01,161892000000.00,4302693256050.88,30.18,85.98,-4309914272.52,4953010677.90
10/1/2005,0.3872,6.00,0.10,138710724234.45,830211721125.99,45.44,97.10,59.03,108.04,158348000000.00,4145986532543.45,30.10,90.18,-3001323987.76,5670319555.19
11/1/2005,0.383,6.00,0.10,137895960249.51,831075504003.25,45.85,96.70,58.14,110.21,157136000000.00,4034188799027.47,31.04,97.03,-3592759106.20,4985325515.54
12/1/2005,0.3815,6.00,0.10,131924326287.05,834274854302.09,45.60,96.80,60.27,110.64,161824000000.00,4179757286822.01,33.49,103.93,-3208042596.75,4813673191.97
1/1/2006,0.3747,6.00,0.10,134686556093.73,837674640821.51,45.52,96.90,61.26,110.97,168998000000.00,4185940862426.55,34.88,106.70,-3999830783.06,3704203486.70
2/1/2006,0.3824,6.00,0.10,136640098147.24,836381133415.90,45.52,96.60,61.56,110.75,174176000000.00,4131899077857.41,36.87,106.58,-3503078941.16,6099444420.88
3/1/2006,0.3781,6.00,0.10,145854117833.78,837712249479.50,45.52,96.80,62.69,111.51,186385000000.00,4213770125936.55,39.68,107.40,-3912485142.17,4917799393.54
4/1/2006,0.3944,6.00,0.10,154362651036.14,844397753761.87,45.90,97.00,62.05,113.58,190014000000.00,4291764293859.63,42.76,112.49,-4332345157.10,6123529763.48
5/1/2006,0.4112,6.00,0.10,156844642246.77,848046866145.30,46.29,97.30,62.77,111.84,180563000000.00,4372369216499.12,42.44,107.50,-4032487588.42,6944686430.13
6/1/2006,0.4009,6.00,0.10,156731992764.41,849784536599.58,47.05,97.30,62.89,113.36,175758000000.00,4316837513631.40,36.24,98.81,-3849555760.08,5560387522.84
7/1/2006,0.4055,6.00,0.40,158019991893.65,856377064064.36,47.43,97.00,65.04,113.80,174535000000.00,4214350376186.65,38.59,99.78,-3951830571.66,7092560006.59
8/1/2006,0.396,6.00,0.40,159707634007.44,863407761938.71,47.43,97.70,63.90,114.12,177529000000.00,4176073526212.74,41.33,103.25,-4291046899.81,4653764441.11
9/1/2006,0.3874,6.00,0.40,159103351582.30,866530831231.22,47.82,97.70,65.58,114.01,184297000000.00,4153371809801.68,44.00,103.08,-6526104081.63,2734838473.73
10/1/2006,0.384,6.00,0.40,161326243413.56,870700305845.56,48.58,97.50,64.43,114.45,188638000000.00,4066302779439.45,46.14,105.41,-7066801535.91,5355368817.77
11/1/2006,0.3853,6.00,0.40,168150216331.70,881038995915.57,48.58,97.00,70.02,115.54,191358000000.00,4097480811614.90,49.04,101.90,-5783297193.32,7901223515.37
12/1/2006,0.3706,6.00,0.40,170737998444.45,879681506789.37,48.58,97.10,68.87,115.64,194901000000.00,4221585891819.09,49.79,106.13,-5069117161.00,6996208617.33
1/1/2007,0.3653,6.00,0.40,173635720629.08,879377499098.46,48.58,96.90,69.79,114.45,198416000000.00,4024822743823.60,51.17,109.81,-3733845102.74,9287045438.13
2/1/2007,0.3722,6.00,0.75,187683405584.30,888708065273.10,48.96,96.40,70.21,115.10,210023000000.00,4060609672474.11,51.74,113.74,-5243056040.98,6965417341.14
3/1/2007,0.3661,6.00,0.75,192398122787.20,892676808774.18,48.58,96.70,71.70,115.10,221020000000.00,4239704076411.39,47.04,110.34,-5664852024.30,8727359737.12
4/1/2007,0.3436,6.00,0.75,197375974911.94,898967406892.97,48.96,97.00,72.58,114.77,222002000000.00,4222000736713.13,49.16,110.49,-6977903818.89,8980454820.70
5/1/2007,0.3317,6.00,0.75,201161160548.93,894921259869.50,49.35,97.30,74.67,116.08,227487000000.00,4044862382904.09,51.66,111.05,-7335687153.66,5532738690.75
6/1/2007,0.329,6.00,0.75,206578992751.03,897568242409.27,49.73,97.10,75.17,116.08,231828000000.00,4065416967466.98,52.40,114.00,-7893768513.17,6269518797.52
7/1/2007,0.3395,6.00,0.75,220222967456.88,907345841882.67,50.49,97.00,75.29,116.19,234994000000.00,4005526942279.71,55.76,113.68,-7887770351.70,7382834307.44
8/1/2007,0.351,6.00,0.75,221969313250.80,915623403024.49,50.88,97.50,75.47,119.12,229094000000.00,4134879789338.03,54.06,103.53,-7302259095.98,9660042845.70
9/1/2007,0.3454,6.00,0.75,240396462049.64,927322769089.59,50.88,97.50,74.50,117.38,244816000000.00,4232050485251.23,58.65,100.62,-5771116903.51,8549380060.23
10/1/2007,0.3397,6.00,0.75,256883785634.23,935060818959.76,51.26,97.80,76.68,118.90,245946000000.00,4191147839334.76,67.44,104.51,-6325555636.52,7956986689.88
11/1/2007,0.3554,6.00,0.75,265163082560.51,950908286076.39,51.26,97.60,77.26,117.71,257476000000.00,4354277115406.87,70.40,96.81,-8390497115.20,7289160536.83
12/1/2007,0.354,6.00,0.75,266988346673.26,952784455942.68,51.26,97.80,78.43,118.36,260052000000.00,4434757089880.74,72.37,97.12,-5834773344.05,5628558598.21
1/1/2008,0.3692,6.00,0.75,284034483770.57,973328539537.85,51.26,97.60,79.25,119.17,268111000000.00,4503516769868.12,70.64,87.50,-8362669624.24,9200982519.77
2/1/2008,0.3844,6.00,0.75,291676756095.95,984078620999.38,51.64,97.40,79.26,119.47,269315000000.00,4557630570867.98,64.80,85.51,-7548067397.02,6755099037.74
3/1/2008,0.4007,6.00,0.75,299684068707.16,992619749241.89,52.41,97.90,80.18,118.24,287907000000.00,4887039671436.94,57.72,79.12,-8381452085.28,6792549318.15
4/1/2008,0.3894,6.00,0.75,304725230352.67,982406984379.24,52.79,97.80,79.93,117.73,277533000000.00,4830982464994.17,59.50,83.62,-11510421069.34,4741874836.65
5/1/2008,0.3996,6.00,0.75,305407267291.93,975183726395.49,53.17,98.60,80.19,118.34,265248000000.00,4700320412493.44,62.08,88.58,-9087217033.81,3662060253.35
6/1/2008,0.4046,6.00,0.75,302874407309.45,978663093325.21,53.55,99.00,81.28,115.16,259133000000.00,4631986130535.09,54.82,89.01,-9749112475.73,-293312937.94
7/1/2008,0.3939,6.00,0.75,296437854546.90,982072849891.73,54.70,99.20,79.19,115.16,259072000000.00,4530238307937.07,50.14,83.07,-11241778892.12,795434605.68
8/1/2008,0.4031,6.00,0.75,286613498251.94,976248335104.15,55.47,99.50,80.17,110.95,259508000000.00,4442754407583.35,53.82,80.39,-15560106563.05,-1093418439.35
9/1/2008,0.4415,6.00,0.75,277769994520.13,974129797813.35,55.85,99.50,82.17,112.39,251129000000.00,4518082812423.20,51.15,75.19,-14957459836.48,-2604296345.55
10/1/2008,0.501,6.00,0.50,244499400686.70,959744211622.41,56.61,99.40,79.67,109.93,232882000000.00,4806423553484.14,38.85,58.68,-10644468730.65,-2236265999.32
11/1/2008,0.5191,6.00,0.50,239758727087.14,982799405417.99,56.61,98.60,78.98,102.85,228903000000.00,4988779749968.48,34.49,55.16,-12075433809.64,-2656108608.96
12/1/2008,0.5369,6.00,0.30,247418901857.10,1009364782806.59,56.23,98.20,76.86,94.53,232653000000.00,5411388660640.92,34.73,53.48,-6199709609.45,-3054777830.41
1/1/2009,0.5428,6.00,0.30,239684694689.95,988335157315.79,56.61,97.60,75.37,86.94,237317000000.00,5380352971854.35,34.11,53.17,-5798431413.07,-5601732584.84
2/1/2009,0.5229,6.00,0.30,239490897553.02,985931859548.29,56.61,97.30,76.24,79.65,240867000000.00,5287552339413.16,33.52,49.18,-4450026002.34,-720908811.79
3/1/2009,0.5117,6.00,0.30,242345224044.39,996002167186.70,56.61,97.60,75.68,80.37,246371000000.00,5060488477849.87,32.60,48.79,-5136993740.00,-1948488172.14
4/1/2009,0.5045,6.00,0.30,242657842724.74,989743632060.78,57.38,97.70,78.04,83.86,251320000000.00,5029720986655.88,39.80,53.61,-6631574285.49,910588192.04
5/1/2009,0.4944,6.00,0.30,252608268860.67,1000012074424.05,57.76,97.50,79.01,86.94,260754000000.00,5105079957990.36,47.40,56.55,-6735960978.44,4125070296.08
6/1/2009,0.4958,6.00,0.30,255248377416.04,996184146017.92,58.53,97.30,79.57,88.37,261721000000.00,5151356844442.77,54.04,59.41,-9323265650.42,3601389604.31
7/1/2009,0.5051,6.00,0.30,261864865905.64,1001555946807.75,61.20,97.00,80.43,89.40,261841000000.00,5144709736274.67,53.50,58.18,-6461501679.90,3036851203.89
8/1/2009,0.5235,6.00,0.30,267318299506.38,1021492986960.96,61.97,97.30,84.56,90.73,265350000000.00,5120868609622.44,56.35,61.96,-8678064440.93,4589803825.13
9/1/2009,0.5317,6.00,0.30,270855254689.75,1030791181539.19,62.35,97.30,83.59,93.51,271532000000.00,5325177407826.70,59.85,60.42,-6771575502.09,3265710532.08
10/1/2009,0.5208,6.00,0.30,273460320825.66,1033884200038.48,63.12,96.90,81.67,96.07,281316000000.00,5395443350143.06,61.59,57.71,-10157111778.51,6736321994.14
11/1/2009,0.5387,6.00,0.30,269968584922.58,1047473914296.48,64.27,96.70,84.06,98.02,281421000000.00,5434006945427.10,60.85,55.15,-9364013749.90,7637838270.96
12/1/2009,0.4994,6.00,0.30,265181731677.23,1024899798741.46,64.65,96.50,84.24,98.84,286059000000.00,5542736644230.18,62.56,57.63,-11810031551.43,5055684928.20
1/1/2010,0.5108,6.00,0.30,262903915108.46,1029178187718.46,65.80,96.60,85.83,101.10,299300000000.00,5370817195479.86,63.05,60.27,-9444114675.57,8351494565.22
2/1/2010,0.5188,6.00,0.30,260441929101.16,1028171967198.12,65.03,96.60,86.70,101.41,301769000000.00,5498129506904.50,59.20,57.76,-11387498909.76,5747901211.28
3/1/2010,0.4796,6.00,0.30,261393478133.54,1019588819300.49,65.03,96.80,86.60,101.72,327665000000.00,5523661974531.14,63.13,60.43,-11025465206.18,6345536206.46
4/1/2010,0.4718,6.00,0.30,261413685971.69,1022158156452.02,65.03,96.90,88.01,102.95,327535000000.00,5412271153135.27,64.65,63.63,-12602220362.46,6191956525.97
5/1/2010,0.5081,6.00,0.30,254636486323.39,1016767195103.76,65.80,96.80,85.62,102.54,322003000000.00,5423456884085.54,61.57,59.23,-10759291441.59,5194150266.39
6/1/2010,0.5253,6.00,0.30,256334199881.69,1024803060146.71,66.56,96.60,85.46,101.92,319721000000.00,5577945367992.67,63.24,56.33,-8454377297.18,4565683973.48
7/1/2010,0.5367,6.00,0.30,265512782366.39,1040856458069.24,68.09,96.10,88.69,103.15,323482000000.00,5708044364384.41,65.24,54.57,-11773010376.34,5432033859.30
8/1/2010,0.5592,6.00,0.30,263145077920.24,1045558052018.25,68.09,96.20,88.05,103.67,323901000000.00,5820115110211.90,66.44,53.79,-9995556622.99,5858124417.71
9/1/2010,0.534,6.00,0.30,272490421349.65,1085112130926.74,68.47,96.40,88.79,105.00,331314000000.00,5940149026248.94,70.65,54.00,-11533842264.36,5475282164.00
10/1/2010,0.5513,6.00,0.30,276456989263.02,1092742614114.01,69.24,96.70,91.22,102.02,354964000000.00,6151310742274.72,74.02,53.35,-12342483386.80,7585541895.15
11/1/2010,0.5473,6.00,0.30,270429763934.06,1074521272886.65,69.62,96.40,89.51,103.77,352992000000.00,6067741583654.47,73.53,54.72,-6034340226.95,6818334388.68
12/1/2010,0.5506,6.00,0.30,275276605505.69,1069985031214.96,70.77,96.20,91.14,104.08,352943000000.00,6183383997394.41,72.83,57.71,-8211308170.59,7633169208.60
1/1/2011,0.5583,6.00,0.30,277726326615.49,1070470104776.24,71.92,96.10,92.26,104.80,345236000000.00,6105960665658.09,70.45,59.51,-10198970320.76,4601876445.25
2/1/2011,0.5535,6.00,0.30,279878026862.59,1067050401286.44,70.77,96.10,92.42,105.21,349888000000.00,6197088317816.60,65.93,61.14,-10933273523.14,5910159870.60
3/1/2011,0.5356,6.00,0.30,282517257087.17,1080615898637.10,70.77,96.30,94.65,88.58,364771000000.00,6473744062453.40,67.47,56.81,-6706228062.95,-2282574087.68
4/1/2011,0.5448,6.00,0.30,290407500909.08,1097759391177.77,71.15,96.50,92.86,90.22,364246000000.00,6421099374828.24,71.13,54.42,-12154244789.56,-10023959758.83
5/1/2011,0.5526,6.00,0.30,287804873845.05,1101717493507.28,71.53,96.40,90.52,96.17,357772000000.00,6463772980207.08,66.99,54.21,-16181239931.73,-6639279988.34
6/1/2011,0.5551,6.00,0.30,291724459833.15,1100758752340.26,72.30,96.30,93.73,100.07,355353000000.00,6615824502506.54,66.63,52.99,-14961125455.34,-2293810743.42
7/1/2011,0.576,6.00,0.30,294418748742.37,1110795252555.60,73.83,96.30,92.12,101.00,356263000000.00,6628300470076.03,68.05,55.51,-13283352707.91,-2491130988.11
8/1/2011,0.5977,6.00,0.30,294347978652.40,1173880621291.83,74.21,96.40,90.63,102.54,349636000000.00,6792345484434.05,61.69,50.20,-16090126373.35,-4727667316.44
9/1/2011,0.6361,6.00,0.30,283820533484.69,1160731043681.75,75.36,96.40,91.02,101.92,331893000000.00,6845858585858.58,61.02,48.61,-14520936804.25,-229543370.08
10/1/2011,0.6227,6.00,0.30,290334824448.84,1167506391684.48,75.74,96.50,86.63,103.56,325098000000.00,6858942108216.01,61.40,48.34,-16232766733.30,-5131201118.19
11/1/2011,0.6721,6.00,0.30,280841440668.47,1261806314038.17,76.12,95.90,95.11,101.51,318723000000.00,6786752106447.30,61.18,47.05,-15818473072.19,-5086861305.31
12/1/2011,0.6889,6.00,0.30,271285421552.14,1258172340310.09,75.36,96.00,93.93,103.56,324119000000.00,6959210763100.38,58.48,47.19,-14547048983.33,-6359336647.37
1/1/2012,0.6493,6.00,0.30,267267941138.03,1263758440525.20,75.74,96.20,92.94,103.87,327841000000.00,6875705524660.88,60.00,47.85,-16996997174.58,-5782574830.84
2/1/2012,0.6051,9.50,0.30,269029434978.47,1259330723371.78,76.12,96.40,93.04,103.67,343949000000.00,6807513699502.99,65.28,51.53,-16571650696.92,-1756543721.81
3/1/2012,0.6144,9.50,0.30,268720680969.08,1247800128571.03,76.89,96.80,92.24,103.46,344971000000.00,6677105801295.30,63.58,54.87,-15875058900.14,-8247295121.74
4/1/2012,0.66,9.00,0.30,269568960010.79,1248875208937.66,78.42,96.90,90.62,102.95,338252000000.00,6794790423723.84,63.26,52.65,-13601222750.43,-6253859945.16
5/1/2012,0.7151,9.00,0.30,261740343244.64,1239348179195.00,78.80,96.60,92.73,101.10,322190000000.00,6787603827303.48,60.08,48.31,-15183207989.37,-8927106516.98
6/1/2012,0.6956,9.00,0.30,265327695400.28,1231181753601.90,79.57,96.10,91.57,100.38,323183000000.00,6943031543809.51,61.18,47.26,-11861579655.20,-5890138409.34
7/1/2012,0.7113,9.00,0.30,265145838576.07,1232833705836.04,81.10,95.80,90.96,99.87,313904000000.00,6830749684790.93,62.91,48.09,-16302959179.78,-5603915723.32
8/1/2012,0.7084,9.00,0.30,266324609283.50,1232647945303.37,81.86,96.00,91.17,98.64,316590000000.00,6855547574714.48,64.32,48.26,-14916678134.55,-5997889199.55
9/1/2012,0.6783,9.00,0.30,268824543943.73,1233267259920.52,82.24,96.10,89.87,96.48,321411000000.00,7021632459230.61,66.39,47.92,-18406110631.42,-13559617648.56
10/1/2012,0.6742,9.00,0.30,269208192227.20,1231830371120.46,83.01,96.10,92.22,96.79,326518000000.00,6867656605054.39,68.45,47.46,-18877786213.75,-5789461311.90
11/1/2012,0.6581,9.00,0.30,268828831707.85,1228346115282.73,83.39,95.80,91.10,96.07,327609000000.00,6695253022010.23,68.27,48.62,-17044213209.94,-7932897253.93
12/1/2012,0.6324,9.00,0.30,270586506917.19,1227147063679.20,83.77,95.80,91.40,97.41,331743000000.00,6686666149503.82,70.77,52.55,-17226085827.63,-9236789884.93
1/1/2013,0.5819,9.00,0.30,270765032751.90,1226302762187.34,84.54,95.90,91.32,95.39,332673000000.00,6155177679631.27,72.65,57.74,-18415989505.32,-7393044072.76
2/1/2013,0.5872,8.75,0.30,266795040503.23,1219691396187.17,85.30,95.70,91.14,96.99,342379000000.00,5957187031346.38,71.15,61.94,-15941671943.05,-10843018539.51
3/1/2013,0.5762,8.50,0.30,268506783358.44,1214997210803.51,85.69,95.90,92.91,97.89,348663000000.00,6034041363300.62,69.86,66.36,-12862400958.78,-9915512746.45
4/1/2013,0.551,8.50,0.30,272057711578.59,1221784233656.41,86.45,96.20,93.61,98.09,350046000000.00,5850174270463.29,68.87,71.73,-16379312794.46,-9644604851.91
5/1/2013,0.5631,8.25,0.30,267186398582.84,1215898160646.87,87.22,96.30,93.14,99.59,349769000000.00,5612066516230.44,72.89,77.29,-16975129561.70,-7583961365.86
6/1/2013,0.6005,8.25,0.30,263126441212.61,1209351061086.28,88.36,96.30,90.95,98.59,337671000000.00,5946368077338.40,69.92,70.23,-11795519173.92,-7808012388.28
7/1/2013,0.6217,10.25,0.30,259061293113.74,1221653816522.05,89.89,96.50,93.60,100.09,319197000000.00,5690134257570.22,72.05,76.55,-11232289193.97,-9390776749.87
8/1/2013,0.6693,10.25,0.30,256039529816.26,1219852378967.37,90.66,96.80,95.00,100.39,303072000000.00,5831804988219.54,68.29,73.84,-11215124807.24,-9542891261.72
9/1/2013,0.6372,9.50,0.30,257753281060.28,1240771725745.76,91.04,97.10,95.49,101.19,300168000000.00,5783128716863.21,71.68,76.50,-7387768175.88,-10039970175.45
10/1/2013,0.6265,8.75,0.30,262567821746.51,1244137846291.32,92.19,97.20,94.07,101.49,313191000000.00,5854628209062.08,74.76,76.64,-9447431032.68,-11294425466.81
11/1/2013,0.6091,8.75,0.30,272378009162.42,1244488148261.07,92.96,97.30,94.52,101.89,314098000000.00,5770076364783.84,75.39,78.71,-9001024806.47,-12406199256.72
12/1/2013,0.5869,8.75,0.30,276493267092.37,1237217761751.35,91.42,97.40,94.73,101.89,321899000000.00,5722375797409.62,76.68,81.03,-9823959452.24,-11287257578.82
1/1/2014,0.6144,9.00,0.30,273388159272.48,1246241568347.90,90.66,97.20,95.93,103.59,323371000000.00,5576928806465.38,76.56,82.49,-9011384060.01,-15421398817.97
2/1/2014,0.607,9.00,0.30,275731104855.81,1255532503094.81,91.04,97.20,96.02,102.89,324815000000.00,5717131901998.57,75.10,77.42,-9953349330.08,-10550194071.98
3/1/2014,0.5815,9.00,0.30,285031667648.51,1247526257300.78,91.42,97.50,95.89,104.29,337956000000.00,5838467659006.20,79.75,76.61,-13262190681.07,-18526276736.88
4/1/2014,0.5901,9.00,0.30,292401949435.60,1251081484960.25,92.57,99.50,97.37,99.79,351409000000.00,5852783929585.46,82.53,75.47,-9377782770.80,-10351725361.01
5/1/2014,0.5815,9.00,0.30,293860546001.86,1253118062430.68,93.34,99.90,97.26,101.89,363905000000.00,5850434436776.23,86.58,75.76,-9536981974.93,-9862801410.53
6/1/2014,0.5928,9.00,0.30,298024446008.94,1251528819902.11,94.10,99.80,98.32,100.59,359524000000.00,5886234393371.03,92.21,80.33,-12706047408.85,-10105005996.74
7/1/2014,0.5891,9.00,0.30,301131797117.01,1244368208383.29,96.40,99.90,98.78,100.39,350696000000.00,5797078828386.08,94.07,82.20,-12965347457.79,-9820444995.40
8/1/2014,0.5815,9.00,0.30,299915889183.57,1246342167026.78,96.78,100.00,98.12,99.49,346684000000.00,5780101812361.80,95.36,81.96,-10997231754.73,-8794392328.83
9/1/2014,0.5649,9.00,0.30,296204484445.53,1234441231244.57,96.78,100.30,98.89,100.59,347180000000.00,5578279874464.74,98.37,84.71,-15709741505.72,-9415049551.96
10/1/2014,0.5467,9.00,0.30,298472880698.07,1237244928821.48,96.78,100.00,94.65,100.59,350239000000.00,5521794679749.89,97.32,80.80,-12519565018.82,-6691656403.20
11/1/2014,0.5244,9.00,0.30,298852173529.87,1239944742160.46,96.78,99.60,101.43,100.59,351783000000.00,5208483178003.14,102.78,89.18,-15489213180.55,-7165089787.34
12/1/2014,0.5266,9.00,0.30,303454874927.27,1231009767133.57,96.78,99.70,98.65,100.19,349015000000.00,5185283403637.17,101.02,90.99,-8685441079.91,-4586666253.70
1/1/2015,0.5281,8.75,0.30,310606516330.18,1230062142729.86,97.16,99.60,98.10,102.69,352232000000.00,5146879492600.42,103.33,89.63,-7590839920.67,-2041672071.63
2/1/2015,0.5158,8.75,0.30,319300488546.81,1221209532619.88,96.78,99.40,98.94,99.79,360538000000.00,5188379925900.97,105.79,94.08,-8273993249.80,-5887716339.57
3/1/2015,0.5185,8.50,0.30,323824829168.58,1216078993531.57,97.16,99.70,98.17,99.29,366899000000.00,5204733301116.02,104.48,100.16,-13113454980.40,-310402434.93
4/1/2015,0.5322,8.50,0.30,333725503694.52,1221000983297.40,97.93,100.20,97.99,99.69,372919000000.00,5264661476260.93,102.97,102.66,-10998577562.41,-2618225027.57
5/1/2015,0.5135,8.50,0.30,334317692138.66,1216408746593.62,98.69,100.40,98.90,99.69,371389000000.00,5211287438533.75,100.18,104.47,-9212109875.96,-1764006961.35
6/1/2015,0.5192,8.25,0.30,338106666367.34,1214090880739.31,99.84,100.20,99.20,100.49,367647000000.00,5122079572049.48,99.20,106.54,-11227571453.47,-2573403543.84
7/1/2015,0.5162,8.25,0.30,336336736698.75,1215258399711.30,100.61,100.10,100.03,100.39,366648000000.00,5059180121201.39,102.41,105.62,-11963705384.63,-2193863616.34
8/1/2015,0.5478,8.25,0.30,334620809169.12,1216193350161.16,100.99,100.20,101.44,98.79,359543000000.00,5072851015067.28,100.11,104.02,-12622563704.13,-3002030859.16
9/1/2015,0.5466,8.25,0.30,333344798654.59,1221495051661.67,101.75,100.30,100.76,100.49,355023000000.00,5239182473940.78,94.03,93.87,-11073731383.32,-2107051757.83
10/1/2015,0.5424,7.75,0.30,336654246137.08,1216072142483.98,102.90,100.20,103.65,100.59,369549000000.00,5258381640691.62,98.65,97.12,-8894229476.51,-1680500342.83
11/1/2015,0.5399,7.75,0.30,333851954005.01,1206849215545.26,103.28,99.90,101.65,99.99,366509000000.00,5145252379603.64,95.02,101.90,-9599024676.49,568850343.26
12/1/2015,0.5503,7.75,0.30,334310993025.19,1207019203627.57,102.90,99.80,102.13,98.09,369635000000.00,5311350351461.33,93.82,99.94,-10937874662.14,642279562.82
1/1/2016,0.5607,7.75,0.30,333077592173.70,1220692708197.53,102.90,99.50,102.53,100.29,362607000000.00,5384325220697.23,90.53,91.56,-7549533482.05,1472811046.92
2/1/2016,0.6053,7.75,0.30,330199405324.20,1223709323085.36,102.14,99.60,102.29,99.49,370101000000.00,5627944736968.38,86.59,85.20,-8156977514.46,1032586596.00
3/1/2016,0.5885,7.75,0.30,341189270079.85,1231603780650.99,102.52,99.70,103.07,99.89,389072000000.00,5888190557589.61,90.84,87.52,-6295733558.36,2797661181.07
4/1/2016,0.6245,7.00,0.30,344140716169.07,1230816394652.70,103.67,99.90,104.10,99.19,402171000000.00,6141010523387.47,93.13,86.11,-4481262772.42,3032034306.81
5/1/2016,0.6071,7.00,0.30,342399070530.85,1224086070881.85,105.20,100.00,105.64,98.69,396873000000.00,6135232762128.08,93.92,85.72,-5082043668.50,3271751058.55
6/1/2016,0.6535,7.00,0.30,344029547094.99,1232848471961.57,105.96,99.90,107.30,99.19,396236000000.00,6424742850732.61,97.66,83.08,-8111821554.68,3481190586.02
7/1/2016,0.653,7.00,0.30,346011764349.62,1231672220987.38,107.11,99.60,105.15,99.69,394410000000.00,6465471105949.65,101.21,83.32,-6736462289.37,2809456212.85
8/1/2016,0.6476,7.00,0.30,346250456121.55,1223782705657.13,106.34,99.70,104.76,100.59,401069000000.00,6636740835222.97,102.40,84.08,-7752769035.42,3349075345.99
9/1/2016,0.6567,7.00,0.30,351667292320.35,1227547436272.73,105.96,99.80,105.66,100.99,423983000000.00,6640510322951.90,104.17,86.01,-10046518207.64,3879883922.56
10/1/2016,0.6362,6.75,0.30,346822998355.53,1211436938985.99,106.34,100.40,108.50,101.09,413342000000.00,6549048913697.27,102.39,87.67,-10282514925.94,3424808036.33
11/1/2016,0.5993,6.75,0.30,341975717393.98,1190247955139.02,105.96,100.40,106.21,102.09,310931000000.00,6333792868142.71,97.68,90.85,-12529255368.82,3503854957.18
12/1/2016,0.58,6.75,0.30,341145194692.36,1188326843648.84,105.20,100.10,105.01,101.49,294162000000.00,6063014212056.02,96.40,98.22,-10043715773.20,2638947298.35
1/1/2017,0.5988,6.75,0.30,344544924771.99,1201624188036.06,104.81,100.00,105.93,100.69,308158000000.00,6035075255318.27,99.39,98.87,-9863502494.57,1180939014.65
2/1/2017,0.59,6.75,0.30,345181175899.82,1201341254676.68,104.81,99.80,107.25,101.39,336110000000.00,6213299880670.48,104.10,99.12,-11952938085.85,4712284687.57
3/1/2017,0.5822,6.75,0.30,350923607640.25,1199593189285.78,105.20,99.90,107.61,101.49,407587000000.00,6186161150214.85,106.94,100.09,-13176295109.49,1288284167.97
4/1/2017,0.5765,6.50,0.30,353698265301.01,1211022725877.52,105.96,100.30,107.73,103.79,404569000000.00,6372454605735.25,108.55,96.36,-13874508488.12,-363831275.61
